{"v":"5.6.9","fr":60,"ip":0,"op":45,"w":168,"h":168,"nm":"global_btn_dark","ddd":0,"assets":[],"layers":[{"ddd":0,"ind":1,"ty":4,"nm":"shu2","sr":1,"ks":{"o":{"a":1,"k":[{"i":{"x":[0.2],"y":[1]},"o":{"x":[0.33],"y":[0]},"t":7,"s":[0]},{"i":{"x":[0],"y":[1]},"o":{"x":[0.33],"y":[0]},"t":19,"s":[100]},{"i":{"x":[0],"y":[1]},"o":{"x":[0.15],"y":[0]},"t":21,"s":[100]},{"t":33,"s":[0]}],"ix":11},"r":{"a":0,"k":0,"ix":10},"p":{"a":1,"k":[{"i":{"x":0.2,"y":1},"o":{"x":0.33,"y":0},"t":7,"s":[139.5,84,0],"to":[-5,0,0],"ti":[5,0,0]},{"i":{"x":0.2,"y":0.2},"o":{"x":0.33,"y":0.33},"t":19,"s":[109.5,84,0],"to":[0,0,0],"ti":[0,0,0]},{"i":{"x":0,"y":1},"o":{"x":0.15,"y":0},"t":21,"s":[109.5,84,0],"to":[5,0,0],"ti":[-5,0,0]},{"t":38,"s":[139.5,84,0]}],"ix":2},"a":{"a":0,"k":[0,0,0],"ix":1},"s":{"a":0,"k":[100,100,100],"ix":6}},"ao":0,"shapes":[{"ty":"gr","it":[{"ind":0,"ty":"sh","ix":1,"ks":{"a":0,"k":{"i":[[0,0],[-0.49,-0.26],[-0.26,-0.48],[0,0],[0,-1.07],[0,0],[0.26,-0.49],[0.48,-0.26],[0,0],[1.07,0],[0,0],[0.49,0.26],[0.26,0.48],[0,0],[0.02,0.92],[0,0],[-0.26,0.49],[-0.48,0.26],[0,0],[-0.92,0.02]],"o":[[1.24,0],[0.48,0.26],[0,0],[0.2,0.44],[0,0],[0,1.24],[-0.26,0.48],[0,0],[-0.44,0.2],[0,0],[-1.24,0],[-0.48,-0.26],[0,0],[-0.18,-0.41],[0,0],[0,-1.24],[0.26,-0.48],[0,0],[0.41,-0.18],[0,0]],"v":[[0.74,-17],[2.97,-16.6],[4.1,-15.47],[4.2,-15.27],[4.5,-13.24],[4.5,13.24],[4.1,15.47],[2.97,16.6],[2.77,16.7],[0.74,17],[-0.74,17],[-2.97,16.6],[-4.1,15.47],[-4.2,15.27],[-4.5,13.47],[-4.5,-13.24],[-4.1,-15.47],[-2.97,-16.6],[-2.77,-16.7],[-0.97,-17]],"c":true},"ix":2},"nm":"Path 1","mn":"ADBE Vector Shape - Group","hd":false},{"ty":"fl","c":{"a":0,"k":[0.349019607843,0.38431372549,0.423529411765,1],"ix":4},"o":{"a":0,"k":100,"ix":5},"r":1,"bm":0,"nm":"Fill 1","mn":"ADBE Vector Graphic - Fill","hd":false},{"ty":"tr","p":{"a":0,"k":[0,0],"ix":2},"a":{"a":0,"k":[0,0],"ix":1},"s":{"a":0,"k":[300,300],"ix":3},"r":{"a":0,"k":0,"ix":6},"o":{"a":0,"k":100,"ix":7},"sk":{"a":0,"k":0,"ix":4},"sa":{"a":0,"k":0,"ix":5},"nm":"Transform"}],"nm":"蒙版备份","np":2,"cix":2,"bm":0,"ix":1,"mn":"ADBE Vector Group","hd":false}],"ip":0,"op":3600,"st":0,"bm":0},{"ddd":0,"ind":2,"ty":4,"nm":"shu","sr":1,"ks":{"o":{"a":1,"k":[{"i":{"x":[0.2],"y":[1]},"o":{"x":[0.33],"y":[0]},"t":7,"s":[0]},{"i":{"x":[0.833],"y":[1]},"o":{"x":[0.33],"y":[0]},"t":19,"s":[100]},{"i":{"x":[0],"y":[1]},"o":{"x":[0.15],"y":[0]},"t":21,"s":[100]},{"t":33,"s":[0]}],"ix":11},"r":{"a":0,"k":0,"ix":10},"p":{"a":1,"k":[{"i":{"x":0.2,"y":1},"o":{"x":0.33,"y":0},"t":7,"s":[28.5,84,0],"to":[5,0,0],"ti":[-5,0,0]},{"i":{"x":0.2,"y":0.2},"o":{"x":0.33,"y":0.33},"t":19,"s":[58.5,84,0],"to":[0,0,0],"ti":[0,0,0]},{"i":{"x":0,"y":1},"o":{"x":0.15,"y":0},"t":21,"s":[58.5,84,0],"to":[-5,0,0],"ti":[5,0,0]},{"t":38,"s":[28.5,84,0]}],"ix":2},"a":{"a":0,"k":[0,0,0],"ix":1},"s":{"a":0,"k":[100,100,100],"ix":6}},"ao":0,"shapes":[{"ty":"gr","it":[{"ind":0,"ty":"sh","ix":1,"ks":{"a":0,"k":{"i":[[0,0],[-0.49,-0.26],[-0.26,-0.48],[0,0],[0,-1.07],[0,0],[0.26,-0.49],[0.48,-0.26],[0,0],[1.07,0],[0,0],[0.49,0.26],[0.26,0.48],[0,0],[0.02,0.92],[0,0],[-0.26,0.49],[-0.48,0.26],[0,0],[-0.92,0.02]],"o":[[1.24,0],[0.48,0.26],[0,0],[0.2,0.44],[0,0],[0,1.24],[-0.26,0.48],[0,0],[-0.44,0.2],[0,0],[-1.24,0],[-0.48,-0.26],[0,0],[-0.18,-0.41],[0,0],[0,-1.24],[0.26,-0.48],[0,0],[0.41,-0.18],[0,0]],"v":[[0.74,-17],[2.97,-16.6],[4.1,-15.47],[4.2,-15.27],[4.5,-13.24],[4.5,13.24],[4.1,15.47],[2.97,16.6],[2.77,16.7],[0.74,17],[-0.74,17],[-2.97,16.6],[-4.1,15.47],[-4.2,15.27],[-4.5,13.47],[-4.5,-13.24],[-4.1,-15.47],[-2.97,-16.6],[-2.77,-16.7],[-0.97,-17]],"c":true},"ix":2},"nm":"Path 1","mn":"ADBE Vector Shape - Group","hd":false},{"ty":"fl","c":{"a":0,"k":[0.349019607843,0.38431372549,0.423529411765,1],"ix":4},"o":{"a":0,"k":100,"ix":5},"r":1,"bm":0,"nm":"Fill 1","mn":"ADBE Vector Graphic - Fill","hd":false},{"ty":"tr","p":{"a":0,"k":[0,0],"ix":2},"a":{"a":0,"k":[0,0],"ix":1},"s":{"a":0,"k":[300,300],"ix":3},"r":{"a":0,"k":0,"ix":6},"o":{"a":0,"k":100,"ix":7},"sk":{"a":0,"k":0,"ix":4},"sa":{"a":0,"k":0,"ix":5},"nm":"Transform"}],"nm":"蒙版备份 2","np":2,"cix":2,"bm":0,"ix":1,"mn":"ADBE Vector Group","hd":false}],"ip":0,"op":3600,"st":0,"bm":0},{"ddd":0,"ind":3,"ty":3,"nm":"Null 6","sr":1,"ks":{"o":{"a":0,"k":0,"ix":11},"r":{"a":0,"k":0,"ix":10},"p":{"a":0,"k":[84,84,0],"ix":2},"a":{"a":0,"k":[0,0,0],"ix":1},"s":{"a":1,"k":[{"i":{"x":[0.2,0.2,0.2],"y":[1,1,1]},"o":{"x":[0.001,0.001,0.001],"y":[0,0,0]},"t":0,"s":[100,100,100]},{"i":{"x":[0.833,0.833,0.833],"y":[1,1,1]},"o":{"x":[0.001,0.001,0.001],"y":[0,0,0]},"t":16,"s":[60,60,100]},{"i":{"x":[0.2,0.2,0.2],"y":[1,1,1]},"o":{"x":[0.4,0.4,0.4],"y":[0,0,0]},"t":22,"s":[60,60,100]},{"t":39,"s":[100,100,100]}],"ix":6}},"ao":0,"ip":0,"op":3600,"st":0,"bm":0},{"ddd":0,"ind":4,"ty":4,"nm":"fill","parent":3,"sr":1,"ks":{"o":{"a":1,"k":[{"i":{"x":[0.2],"y":[1]},"o":{"x":[0.001],"y":[0]},"t":0,"s":[100]},{"i":{"x":[0.833],"y":[1]},"o":{"x":[0.001],"y":[0]},"t":11,"s":[0]},{"i":{"x":[0.2],"y":[1]},"o":{"x":[0.4],"y":[0]},"t":22,"s":[0]},{"t":39,"s":[100]}],"ix":11},"r":{"a":0,"k":0,"ix":10},"p":{"a":0,"k":[7.803,-0.001,0],"ix":2},"a":{"a":0,"k":[0,0,0],"ix":1},"s":{"a":0,"k":[100,100,100],"ix":6}},"ao":0,"shapes":[{"ty":"gr","it":[{"ind":0,"ty":"sh","ix":1,"ks":{"a":0,"k":{"i":[[0,-0.5],[0,0],[-1.57,0],[-0.43,0.25],[0,0],[0.8,1.36],[0.42,0.25],[0,0],[0.79,-1.36]],"o":[[0,0],[0,1.57],[0.51,0],[0,0],[1.36,-0.79],[-0.24,-0.42],[0,0],[-1.35,-0.79],[-0.26,0.44]],"v":[[-16.601,-16.054],[-16.601,16.056],[-13.761,18.896],[-12.331,18.506],[15.189,2.456],[16.209,-1.434],[15.189,-2.454],[-12.331,-18.504],[-16.211,-17.484]],"c":true},"ix":2},"nm":"Path 1","mn":"ADBE Vector Shape - Group","hd":false},{"ty":"fl","c":{"a":0,"k":[0.349019607843,0.38431372549,0.423529411765,1],"ix":4},"o":{"a":0,"k":100,"ix":5},"r":1,"bm":0,"nm":"Fill 1","mn":"ADBE Vector Graphic - Fill","hd":false},{"ty":"tr","p":{"a":0,"k":[0,0],"ix":2},"a":{"a":0,"k":[0,0],"ix":1},"s":{"a":0,"k":[300,300],"ix":3},"r":{"a":0,"k":0,"ix":6},"o":{"a":0,"k":100,"ix":7},"sk":{"a":0,"k":0,"ix":4},"sa":{"a":0,"k":0,"ix":5},"nm":"Transform"}],"nm":"蒙版备份","np":2,"cix":2,"bm":0,"ix":1,"mn":"ADBE Vector Group","hd":false}],"ip":0,"op":3600,"st":0,"bm":0}],"markers":[]}